{"cameraMode":{"drawMode":0,"name":"Shaded","section":"Shading Mode"},"sceneLighting":false,"audioPlay":false,"sceneViewState":{"showFog":true,"showMaterialUpdate":false,"showSkybox":false,"showFlares":true,"showImageEffects":true,"showParticleSystems":true},"in2DMode":false,"pivot":{"x":0.9052557349205017,"y":-0.9817848801612854,"z":5.33674955368042},"rotation":{"x":-0.0986698642373085,"y":0.05817168205976486,"z":-0.00577819487079978,"w":-0.9934073686599731},"size":6.647276878356934,"orthographic":false}