{"cameraMode":{"drawMode":0,"name":"Shaded","section":"Shading Mode"},"sceneLighting":false,"audioPlay":false,"sceneViewState":{"showFog":true,"showMaterialUpdate":false,"showSkybox":false,"showFlares":true,"showImageEffects":true,"showParticleSystems":true},"in2DMode":false,"pivot":{"x":1.5177724361419678,"y":-5.273489952087402,"z":9.970314025878907},"rotation":{"x":0.2661592364311218,"y":-0.002898633014410734,"z":0.0007765280897729099,"w":0.9639616012573242},"size":53.05720901489258,"orthographic":false}