{"cameraMode":{"drawMode":0,"name":"Shaded","section":"Shading Mode"},"sceneLighting":false,"audioPlay":false,"sceneViewState":{"showFog":true,"showMaterialUpdate":false,"showSkybox":false,"showFlares":true,"showImageEffects":true,"showParticleSystems":true},"in2DMode":false,"pivot":{"x":-0.26561519503593447,"y":-0.2730392813682556,"z":-1.670668601989746},"rotation":{"x":0.005296343471854925,"y":-0.982768177986145,"z":0.1827947199344635,"w":0.028301682323217393},"size":2.895758628845215,"orthographic":false}