{"cameraMode":{"drawMode":0,"name":"Shaded","section":"Shading Mode"},"sceneLighting":false,"audioPlay":false,"sceneViewState":{"showFog":true,"showMaterialUpdate":false,"showSkybox":false,"showFlares":true,"showImageEffects":true,"showParticleSystems":true},"in2DMode":false,"pivot":{"x":10.35863971710205,"y":0.5276539325714111,"z":-17.01416778564453},"rotation":{"x":0.006223225500434637,"y":-0.990951657295227,"z":0.12491896003484726,"w":0.0493854358792305},"size":4.770920753479004,"orthographic":false}