{"cameraMode":{"drawMode":0,"name":"Shaded","section":"Shading Mode"},"sceneLighting":false,"audioPlay":false,"sceneViewState":{"showFog":true,"showMaterialUpdate":false,"showSkybox":false,"showFlares":true,"showImageEffects":true,"showParticleSystems":true},"in2DMode":false,"pivot":{"x":0.3165571689605713,"y":0.02342081069946289,"z":0.2280111312866211},"rotation":{"x":0.2022598683834076,"y":-0.2523457109928131,"z":0.05400718003511429,"w":0.9447648525238037},"size":2.8578836917877199,"orthographic":false}