{"cameraMode":{"drawMode":0,"name":"Shaded","section":"Shading Mode"},"sceneLighting":false,"audioPlay":false,"sceneViewState":{"showFog":true,"showMaterialUpdate":false,"showSkybox":false,"showFlares":true,"showImageEffects":true,"showParticleSystems":true},"in2DMode":false,"pivot":{"x":40.036277770996097,"y":-11.791333198547364,"z":-19.036706924438478},"rotation":{"x":-0.19186173379421235,"y":-0.6899241209030151,"z":0.19758085906505586,"w":-0.6695154905319214},"size":22.0,"orthographic":false}