{"cameraMode":{"drawMode":0,"name":"Shaded","section":"Shading Mode"},"sceneLighting":false,"audioPlay":false,"sceneViewState":{"showFog":true,"showMaterialUpdate":false,"showSkybox":false,"showFlares":true,"showImageEffects":true,"showParticleSystems":true},"in2DMode":false,"pivot":{"x":1.063568115234375,"y":0.86328125,"z":0.769775390625},"rotation":{"x":0.01949821412563324,"y":0.007498616818338633,"z":-0.0001462316868128255,"w":0.9997816681861877},"size":1.5000016689300538,"orthographic":true}